id,name,block
1,Patrick Martin,Block-B
2,Thomas Estrada,Block-A
3,Richard Palmer,Block-E
4,Austin Chapman,Block-D
5,Jonathan Pittman,Block-D
6,Joel Hernandez,Block-C
7,Daniel Berry,Block-B
8,Isaac Scott,Block-I
9,Richard Miller,Block-B
10,Jerry Santiago,Block-J
11,Elizabeth Clarke,Block-G
12,Francisco Drake,Block-A
13,Nicole Cooley,Block-A
14,Alicia Johnson,Block-B
15,Anna Cain,Block-D
16,Sherry Spencer,Block-D
17,Shelley Mccoy,Block-I
18,Samuel Williams,Block-J
19,Theresa Johnson,Block-A
20,Jennifer Knox,Block-I
21,Mrs. Theresa Williams,Block-D
22,Holly Johnson,Block-I
23,Jenna Bennett,Block-G
24,Katie Vazquez,Block-D
25,Sheena Smith,Block-H
26,Keith Kelly,Block-J
27,Calvin Benson,Block-E
28,Jonathan Miles,Block-A
29,Zachary Salazar,Block-C
30,Jessica Espinoza,Block-G
31,Charles Williams,Block-F
32,Dana Carrillo,Block-E
33,Erica Mcdaniel,Block-C
34,Nicholas Anderson,Block-D
35,Christopher Oconnor,Block-F
36,Ronald Hayes,Block-B
37,Lori Camacho,Block-B
38,Philip Best,Block-G
39,Jessica Wolf,Block-B
40,Jeremy Brewer,Block-F
41,Victoria Diaz,Block-F
42,Kathleen Griffin,Block-J
43,Tina Cordova MD,Block-E
44,Christopher Ford,Block-A
45,Brian Rodriguez,Block-H
46,Joshua Olson,Block-I
47,Austin Hood,Block-B
48,Christina Green,Block-G
49,Alexa Johnson,Block-B
50,Lori Brown,Block-I
51,Todd Lopez,Block-E
52,Holly Soto,Block-J
53,Gregory Stuart,Block-F
54,Christopher Garcia,Block-J
55,Jesse Blackwell,Block-D
56,Shannon Lucas,Block-B
57,Monica Hubbard,Block-A
58,Brendan Jordan,Block-D
59,Gary Holmes,Block-E
60,Trevor Stewart,Block-B
61,Rebecca Shaffer,Block-D
62,James Thomas,Block-B
63,Samuel Figueroa,Block-G
64,Jillian Mcdonald,Block-E
65,Tiffany Garcia,Block-H
66,Chelsea Rodriguez,Block-F
67,Janet Smith,Block-C
68,Natasha Tate,Block-F
69,Terry Carson,Block-F
70,Erica Miller,Block-D
71,Jacqueline Beck,Block-E
72,Lisa Rogers,Block-B
73,Troy Berry,Block-J
74,Kevin Smith,Block-C
75,Courtney Collins,Block-I
76,Jonathon Torres,Block-D
77,Erica Patterson,Block-C
78,Angela Briggs,Block-H
79,Melinda Morgan,Block-G
80,Samantha Coleman,Block-E
81,Julie Patterson,Block-I
82,Stephanie Soto,Block-D
83,Benjamin Walters,Block-F
84,Jessica Huffman,Block-A
85,Jason Jacobson,Block-D
86,Debra Bryant,Block-A
87,Eric Rodriguez,Block-F
88,Anna Cook,Block-G
89,Lauren Garcia,Block-E
90,Morgan Young,Block-B
91,Elizabeth Smith,Block-D
92,Vincent Proctor Jr.,Block-J
93,Ricky Blake,Block-F
94,Angela Cross,Block-D
95,Teresa Williams,Block-H
96,Vanessa Andrade,Block-G
97,Scott Garcia,Block-H
98,Robert Avery,Block-C
99,Douglas Newton,Block-E
100,Kristina Dennis,Block-C
101,Bethany Gonzales,Block-D
102,Rebekah Williams,Block-I
103,Troy King,Block-I
104,Jennifer Stewart,Block-E
105,Daniel Anderson,Block-J
106,Kimberly Barajas,Block-G
107,Pamela Odonnell,Block-J
108,Julie Benson,Block-G
109,Andrea Wiley,Block-F
110,Cindy Schwartz,Block-D
111,Sean Lara,Block-C
112,Mark Savage,Block-I
113,Kathryn Ponce,Block-H
114,Christina Allen,Block-B
115,Ashley Welch,Block-A
116,Kelly Weber,Block-B
117,Sydney Smith,Block-C
118,Sherry Curtis,Block-C
119,Andrew Simmons,Block-G
120,Brandon Mullins,Block-J
121,Robin Ross,Block-B
122,Melissa Contreras,Block-G
123,Jennifer Huerta,Block-G
124,Michael Good,Block-J
125,Scott Franklin,Block-H
126,Timothy Lowe,Block-I
127,Jason Sherman,Block-E
128,Darrell Fischer,Block-I
129,Kimberly Jones,Block-A
130,Randy Elliott,Block-B
131,Carolyn Thomas,Block-I
132,Lisa Cook,Block-E
133,Michelle Williams,Block-F
134,Philip Johnson,Block-B
135,Jeffrey Martin,Block-E
136,Kelly Young,Block-G
137,Cynthia Wilson,Block-C
138,Amanda Morales,Block-H
139,Jose Campbell,Block-A
140,Diane Evans,Block-E
141,Brandon Shields,Block-I
142,Andrea Conway,Block-C
143,Margaret Holmes,Block-I
144,Courtney Allen,Block-B
145,Douglas Martinez,Block-E
146,Michael Anderson,Block-I
147,Brandon Mcguire,Block-J
148,Amanda Rhodes,Block-D
149,Justin Garcia,Block-C
150,Jose Kent,Block-F
151,Calvin Lara,Block-C
152,Teresa Hudson,Block-I
153,Kimberly Moran,Block-I
154,Edward Singh,Block-A
155,Kimberly Reed,Block-J
156,David Francis,Block-F
157,Vickie Mitchell,Block-H
158,Kathleen Moreno,Block-A
159,Amanda Woodward,Block-B
160,Christian Christian,Block-F
161,Brian Thomas,Block-E
162,Amber Pacheco,Block-D
163,Jaime Young,Block-A
164,Lisa Patel,Block-D
165,Willie Carlson,Block-J
166,Kimberly Wyatt,Block-B
167,Laura Rivera,Block-B
168,Karina Gutierrez,Block-H
169,Ryan Vaughn,Block-B
170,David Lyons,Block-I
171,Andrew Foster,Block-C
172,Nicholas Jackson,Block-C
173,Mrs. Tara Kelley,Block-H
174,Cynthia Green,Block-I
175,Austin Jones,Block-C
176,Rachel Hunt,Block-E
177,Adam Bowen,Block-I
178,Angela Thompson,Block-J
179,Mitchell Ortiz,Block-G
180,Rachel Herring,Block-D
181,Brandy Hall,Block-I
182,David Nelson,Block-D
183,Susan Singh,Block-E
184,Melissa Sandoval,Block-G
185,Vanessa Leonard,Block-F
186,Kelly Lopez,Block-H
187,John Cooper,Block-I
188,Christy Arnold,Block-H
189,Sarah Hammond,Block-B
190,Kristina Gilbert,Block-D
191,Mr. Theodore Williams,Block-D
192,Thomas Cline,Block-B
193,Lisa Knight,Block-F
194,Steven Moran,Block-A
195,Mary Miller,Block-J
196,Elizabeth King,Block-I
197,Erika Flowers,Block-D
198,James Yang,Block-J
199,Deanna Gonzales,Block-D
200,Colton Brown,Block-A
201,Craig Walsh,Block-B
202,James Schroeder,Block-A
203,Pamela White,Block-D
204,Monica Parker,Block-B
205,Andrew Rodriguez,Block-A
206,Lucas Harris MD,Block-F
207,Sarah Soto,Block-B
208,Jacob Underwood,Block-I
209,Virginia Hampton,Block-D
210,Jeffrey Thompson,Block-E
211,Casey Bowman,Block-H
212,David Hernandez,Block-D
213,Connor Taylor,Block-I
214,Joseph Castillo,Block-C
215,Danielle Dominguez,Block-J
216,Charlene Simpson,Block-J
217,William Green,Block-H
218,Lawrence Burton,Block-D
219,Joseph Porter,Block-H
220,Kyle Hansen,Block-G
221,Jason Blanchard Jr.,Block-D
222,Jason Stuart,Block-B
223,Gregory Mills,Block-B
224,David Shaw,Block-G
225,Tim Walker,Block-F
226,Lynn Ruiz,Block-G
227,Jeffrey Morales,Block-G
228,Alicia Obrien,Block-H
229,Stephanie Walker,Block-A
230,Meghan Choi,Block-B
231,Curtis Stewart,Block-A
232,Catherine Rivera,Block-G
233,Lacey Kelley,Block-F
234,Amanda Smith,Block-B
235,Rebecca Wood,Block-D
236,Mrs. Teresa White,Block-D
237,Dr. Thomas Walker,Block-D
238,Chelsea Miller,Block-I
239,Melanie Knapp,Block-H
240,Kelly James,Block-C
241,Shirley Garrett,Block-G
242,Nicole Mitchell,Block-C
243,James Poole,Block-E
244,Cory Brown,Block-H
245,James Gilmore,Block-D
246,Miguel Arnold,Block-B
247,Timothy Ramirez,Block-H
248,Anthony Hinton,Block-I
249,Lisa Porter DDS,Block-B
250,Ethan Carlson,Block-A
251,Lori Woodard,Block-I
252,Veronica Mills,Block-A
253,Michael Campbell,Block-B
254,Audrey Avery,Block-D
255,David Hampton,Block-C
256,Allen Russell,Block-G
257,Jessica Rodriguez,Block-H
258,Kenneth Salinas,Block-H
259,Taylor Garcia,Block-D
260,Destiny Hall,Block-G
261,Megan Yates,Block-A
262,Mario Ponce,Block-C
263,Kimberly Munoz,Block-G
264,Alec Dominguez,Block-A
265,Megan Henry,Block-G
266,Bailey Adams,Block-E
267,Adam Villegas,Block-H
268,Matthew Moore,Block-E
269,Emily Romero,Block-G
270,Ray Choi,Block-I
271,Brandon Henry,Block-H
272,Vincent Medina,Block-C
273,Anthony Roberts,Block-D
274,Christopher Smith,Block-E
275,Tyler Roberts,Block-D
276,Teresa Johnson,Block-A
277,Emily Branch,Block-J
278,Paul Bailey,Block-I
279,Stefanie Moreno,Block-A
280,Gina Meyers,Block-F
281,Jacob Brady,Block-A
282,David Sharp,Block-A
283,Briana Watson,Block-J
284,Darlene Dunn,Block-H
285,Trevor Foley,Block-I
286,Elizabeth Smith,Block-I
287,Carly Smith,Block-C
288,Kimberly Smith,Block-A
289,Laura Bullock,Block-I
290,Pamela Patterson,Block-B
291,Natalie Harrison,Block-C
292,Shelby Hoover,Block-B
293,Stacie Washington,Block-J
294,Tamara Price,Block-B
295,Tracy Hernandez,Block-D
296,Brian Bradford,Block-G
297,Duane Stone,Block-B
298,Charles Morales,Block-J
299,Adam Smith,Block-D
300,Jennifer Miller,Block-J
301,Benjamin Wagner,Block-J
302,Jennifer Kaufman,Block-A
303,Luis Stewart,Block-J
304,Matthew Smith,Block-B
305,Christine Lewis,Block-G
306,Elizabeth Long,Block-J
307,Emily Miller,Block-J
308,Nathan Coleman,Block-I
309,Alejandro Powell,Block-F
310,David Nichols,Block-E
311,Mr. Bruce Sanchez,Block-D
312,Thomas Byrd,Block-F
313,Terri Nelson,Block-D
314,Maria Harris,Block-E
315,Tiffany Hall,Block-G
316,Victoria Greene,Block-C
317,Willie Moore,Block-E
318,Samuel Travis,Block-H
319,Benjamin Hawkins,Block-F
320,Christopher Robbins,Block-B
321,Jose Hudson,Block-A
322,Kelly Smith,Block-H
323,Laura Reyes,Block-J
324,Michael Shields,Block-J
325,Randy Hudson,Block-B
326,Melanie Castaneda,Block-B
327,Tommy Mejia,Block-I
328,Donald Mercado,Block-D
329,Richard Blankenship,Block-I
330,Wendy Griffin,Block-E
331,Katelyn Kennedy,Block-C
332,Ashley Edwards,Block-F
333,Clifford Cortez,Block-B
334,Spencer Brewer,Block-D
335,Brenda Daugherty,Block-F
336,Samantha Miller,Block-E
337,Sarah Williams,Block-C
338,Leah Huff,Block-H
339,Kimberly Horn,Block-I
340,Erin Knapp,Block-E
341,Andrew Johnson,Block-J
342,David Barrera,Block-I
343,Matthew Thompson,Block-A
344,Gabriella Parsons,Block-I
345,Derek Bell,Block-E
346,Karen Cannon,Block-B
347,Mary Woods,Block-C
348,Lisa Mcdaniel,Block-E
349,George Martinez,Block-B
350,Morgan Moore,Block-B
351,Dr. Alicia Harris,Block-I
352,Carrie Bass,Block-C
353,Steven Kirk,Block-E
354,Ryan Flores,Block-E
355,Susan Gill,Block-J
356,Cheryl Beard,Block-D
357,Ethan Young,Block-F
358,Robert Garza,Block-D
359,Bob Kennedy,Block-E
360,Shelly Adams,Block-I
361,Patrick Short,Block-H
362,Courtney Barr,Block-E
363,David Dickerson,Block-A
364,Emily Bradley,Block-B
365,Erin Gilbert,Block-G
366,Jennifer Bell,Block-E
367,Lucas Stout PhD,Block-A
368,Erin Boyd,Block-A
369,Amber Garcia,Block-F
370,Crystal White DDS,Block-C
371,Stephanie Bond,Block-E
372,Patrick Nguyen,Block-C
373,Alison Gonzales,Block-H
374,Colleen Smith,Block-I
375,Vicki Luna,Block-G
376,Lori Owens,Block-I
377,Karen Schneider,Block-A
378,Noah Baker,Block-B
379,Sheri Evans,Block-B
380,Amber Walsh,Block-C
381,Kenneth Pham,Block-I
382,Christopher Mills,Block-A
383,Marissa Frazier,Block-F
384,Alexander Mills,Block-J
385,Tom Rasmussen,Block-I
386,Ashley Baker,Block-C
387,Philip Lang,Block-G
388,Paige Brooks,Block-C
389,Kyle Holder,Block-A
390,Brian Kirby,Block-E
391,Christina Luna,Block-F
392,Sheri Garcia,Block-A
393,Jasmine Ortega,Block-F
394,Gregory Dunn,Block-D
395,Andrew Riley,Block-D
396,Frank Banks,Block-B
397,Greg Jones,Block-F
398,Hannah Brown DVM,Block-I
399,Sandra Smith,Block-G
400,Alexandria Cole,Block-J
401,Kelli Hawkins,Block-C
402,John Contreras,Block-D
403,Heather Pittman,Block-C
404,Jacob Peterson,Block-C
405,John Collins,Block-G
406,James Jefferson,Block-A
407,Mrs. Melissa Mitchell,Block-C
408,Scott Elliott,Block-F
409,Amber Brown,Block-G
410,Stephen Norton,Block-D
411,John Miller,Block-E
412,Kenneth Moore,Block-C
413,Elizabeth Snyder,Block-B
414,Frederick Palmer,Block-G
415,David King,Block-A
416,Holly Smith,Block-H
417,Monica Brown,Block-D
418,Garrett Goodwin,Block-D
419,Timothy Jacobs,Block-H
420,John Chavez,Block-F
421,Lori Stevens,Block-E
422,Peter Garza,Block-D
423,Allen Webb,Block-D
424,Cathy Thompson,Block-A
425,Darius Lawson,Block-D
426,John Lopez,Block-G
427,Ruben Luna,Block-F
428,Jason Ramirez,Block-E
429,William Walker,Block-B
430,Brian Knox,Block-E
431,Derek Gordon,Block-F
432,Savannah Holmes,Block-I
433,Todd Carter,Block-G
434,Alexander King,Block-I
435,Courtney Smith,Block-F
436,Aaron Harmon,Block-A
437,Brady Holt,Block-B
438,Jonathan Rios,Block-E
439,Rachel Moreno,Block-C
440,Melinda Wilson,Block-J
441,Lisa Ford,Block-E
442,Jessica Freeman,Block-A
443,Michelle Mack,Block-B
444,Theodore Pope,Block-J
445,Travis Martinez,Block-G
446,Melissa Hartman,Block-F
447,Cory Reid,Block-F
448,Erik Powers,Block-G
449,Brian Faulkner,Block-J
450,Teresa Sanders,Block-I
451,Jessica Thompson,Block-B
452,Michael Schultz,Block-G
453,Henry Jones,Block-J
454,Todd Freeman PhD,Block-D
455,Troy Morrow II,Block-E
456,Martha Bush,Block-A
457,Brandy Guzman,Block-G
458,Michelle Smith,Block-A
459,Danielle Baker,Block-I
460,Tami Cook,Block-I
461,Angela Young,Block-D
462,Annette Taylor,Block-F
463,Patrick Griffin,Block-G
464,Brendan Ford,Block-B
465,Mrs. Deborah Rios,Block-F
466,Michael Montgomery,Block-J
467,Peggy Donaldson,Block-F
468,Jennifer Paul,Block-B
469,Brian Holden,Block-E
470,Howard Barron,Block-I
471,Kristine Liu,Block-E
472,Mathew Mitchell,Block-G
473,Robert Lee,Block-F
474,John Martin,Block-G
475,Samantha Cooper,Block-E
476,Annette Jarvis,Block-I
477,Taylor Parker,Block-C
478,Elijah Harris,Block-D
479,Julie Kemp,Block-G
480,Benjamin Hamilton,Block-G
481,Sean Hall,Block-C
482,Lisa Johnson,Block-J
483,Timothy Byrd,Block-J
484,Ashley Hicks,Block-E
485,Terry Black,Block-G
486,Janet Tanner,Block-I
487,Tina White,Block-A
488,Mr. John Taylor Jr.,Block-E
489,Luis West,Block-E
490,Bradley Smith,Block-D
491,Melinda Hughes,Block-G
492,Adrienne Davis,Block-J
493,Jason Perkins,Block-J
494,Jacqueline Matthews,Block-F
495,Susan Green,Block-H
496,Kevin Phelps,Block-H
497,Scott Lam MD,Block-H
498,David Kerr,Block-D
499,Douglas Thomas,Block-I
500,John Christensen,Block-H
